onset	duration	trial_type	value	sample
1	4.0	tongue	4	250
9.012	4.0	tongue	4	2253
16.684	4.0	left_hand	2	4171
24.492	4.0	tongue	4	6123
32.524	4.0	left_hand	2	8131
40.968	4.0	left_hand	2	10242
48.636	4.0	tongue	4	12159
56.836	4.0	tongue	4	14209
64.56	4.0	tongue	4	16140
72.552	4.0	right_hand	3	18138
80.176	4.0	tongue	4	20044
87.756	4.0	left_hand	2	21939
95.644	4.0	left_hand	2	23911
103.42	4.0	right_hand	3	25855
111.288	4.0	right_hand	3	27822
119.768	4.0	right_hand	3	29942
127.8	4.0	feet	1	31950
136.064	4.0	left_hand	2	34016
144.208	4.0	feet	1	36052
152.472	4.0	right_hand	3	38118
160.752	4.0	feet	1	40188
169.072	4.0	right_hand	3	42268
176.72	4.0	left_hand	2	44180
184.844	4.0	feet	1	46211
192.656	4.0	feet	1	48164
200.5	4.0	left_hand	2	50125
208.916	4.0	feet	1	52229
216.932	4.0	right_hand	3	54233
224.832	4.0	right_hand	3	56208
232.936	4.0	tongue	4	58234
241.22	4.0	left_hand	2	60305
249.648	4.0	feet	1	62412
258.016	4.0	left_hand	2	64504
266.38	4.0	feet	1	66595
274.552	4.0	right_hand	3	68638
282.808	4.0	tongue	4	70702
290.888	4.0	feet	1	72722
298.776	4.0	right_hand	3	74694
306.628	4.0	right_hand	3	76657
314.328	4.0	feet	1	78582
322.652	4.0	left_hand	2	80663
330.564	4.0	left_hand	2	82641
338.524	4.0	tongue	4	84631
347	4.0	feet	1	86750
354.624	4.0	tongue	4	88656
362.336	4.0	right_hand	3	90584
370.792	4.0	feet	1	92698
379.028	4.0	tongue	4	94757
